PIDN,Ca,P,pH,SOC,Sand
09gt9UK5,-0.28333119,-0.102940015,-0.155961696,-0.646611474,0.141632074
0BVvxJ6a,-0.114409695,-0.053188899,-0.03027733,-0.309491397,-0.325160196
0KbdgApg,-0.172516957,-0.062453749,-0.075612549,-0.054893436,-0.204263479
0MnuuduB,0.215730589,0.075586933,0.112308988,0.987008279,-0.773705896
0PcIsF9z,-0.28189314,-0.100473274,-0.245298391,0.654183167,0.951082794
0ShTFLYJ,-0.271703473,-0.101610458,-0.126173881,-0.786809403,-0.069983189
0XZh9jka,0.199494756,0.062730792,0.057724205,0.129026083,-0.445218985
0Y7Wegri,-0.191518723,-0.06933186,-0.075955073,-0.082216136,0.325730404
0dTqplIM,0.398752029,0.106005812,0.231777756,-0.362303378,-0.137635085
0lNiZicC,-0.259200527,-0.095043272,-0.139518662,-0.622312412,-0.244581289
0rGeJ0QN,-0.234586382,-0.078709311,-0.120463046,0.136273284,0.316263755
0sXI9ytQ,-0.301885049,-0.105674365,-0.143757185,-0.493754934,0.834719752
0ukt4aP6,0.230110662,0.012751779,0.220044358,-1.143683803,-0.527399142
1AGspb8f,-0.232228952,-0.074432357,-0.175106302,0.670446222,-0.611635938
1Csy0gvE,-0.294144309,-0.104592282,-0.147000537,-0.395519515,0.762861724
1Ic2hly1,-0.201862958,-0.062307215,-0.086664698,-0.009611533,0.288788234
1PPbaTwt,-0.227202261,-0.094161603,-0.109998643,-0.926732726,0.005166159
1SO5VJNy,-0.292109482,-0.100109689,-0.138783612,-0.286796697,0.821622989
1arHxK3Y,0.710381253,0.161302159,0.437479626,0.640325108,-0.405141883
1fCW4Bba,-0.237284536,-0.077528442,-0.101932041,-0.237317044,0.331200939
1qDZNvIm,-0.289432095,-0.098697528,-0.138764431,-0.371439484,0.685780446
28LYJC2V,-0.124562048,-0.034718477,-0.194337213,-0.763123946,0.745408055
2CzACvQq,0.143596966,0.008224475,0.153727167,-0.381505399,-0.079101671
2FT3crfv,0.163319231,0.048533995,0.060204405,-0.237479865,-0.243897415
2Fy2uHVg,-0.255842461,-0.09089466,-0.122771165,-0.540175368,-0.124908092
2MkMEApm,-0.259474914,-0.082750621,-0.107054033,-0.172540992,0.489773337
2NDGWEOe,0.391391524,0.072497521,0.347824129,-0.632723539,-0.17716641
2NyyCiqn,-0.289873583,-0.099777041,-0.132224741,-0.348613673,0.748459679
2QRzIb84,0.198018482,0.027086675,0.223593841,-0.445393019,0.563149906
2QcbdrUZ,-0.239860452,-0.082537612,-0.111531844,-0.223040172,0.220073494
2YgAimWK,-0.241503654,-0.080475476,-0.103432756,-0.211798463,0.385170627
2cx85d9H,-0.152992999,-0.06039442,-0.072488082,-0.053181676,-0.253695237
2homMXMV,-0.255649898,-0.085732745,-0.15342408,0.259857449,0.669195865
2ldLrUtq,-0.246773464,-0.088166607,-0.180322548,-0.264436583,-0.817088316
2nsACW6G,-0.120828169,-0.039382114,-0.103086606,0.928020377,-0.776279915
2yMbVnWc,-0.12486104,-0.027925569,-0.085214643,1.545451929,0.134424077
36r8sgGQ,-0.290488484,-0.103413769,-0.140672997,-0.427570095,0.738358293
3NXAXCl3,-0.094895787,-0.045724162,-0.113043182,0.517069225,-0.599052764
3QG0z6fl,-0.250097442,-0.091878762,-0.126334264,-0.584543868,0.002290094
3WS8R9qm,0.333167109,0.078918012,0.138522183,1.465267175,-0.388211094
3fRLm8f5,-0.281104002,-0.088814842,-0.18991113,0.709653464,1.037047744
3mZhp1nQ,-0.239305914,-0.083303841,-0.111352108,-0.214163696,0.239459399
3pikJXRL,-0.183246576,-0.06884648,-0.156940647,0.343579476,-0.523648447
3pxOEGHL,-0.313160836,-0.108941138,-0.147794701,-0.460028123,0.842959103
3ttdV3f5,-0.198501824,-0.071237783,-0.08684791,-0.187325454,-0.018093205
3v4X6Mfe,0.582284914,0.078489926,0.462514035,-0.936301223,-0.20958149
3wORuPiv,-0.042232915,-0.00190445,-0.061682343,-0.878713057,0.095526099
43EfrxZj,0.492997417,0.132687122,0.298059666,2.754714519,-1.00266681
457Vwm21,-0.133522126,-0.052385878,-0.040348075,0.027921396,0.110680309
46KNnOdx,-0.289989837,-0.094808752,-0.193383838,0.466040665,0.406399977
47TwNsVC,0.023778377,-0.011905576,-0.037266576,0.822968152,-0.678062226
49856RpO,-0.226252278,-0.091151836,-0.184808289,-0.513664607,-0.311982224
4Ane1o2N,-0.290976091,-0.103076931,-0.152485292,-0.337829004,0.496554819
4AyVUgSc,-0.235393939,-0.085474779,-0.115659276,-0.425164582,-0.184134544
4B1951On,-0.103457521,-0.067155157,-0.087806424,-0.006107563,-0.381937258
4OL39Teo,0.199703432,0.059703148,0.138549072,1.699617659,-0.356002028
4eQ90eLY,0.316717771,0.095590706,0.147509002,1.712939491,-0.547451566
4o5jwMj8,-0.284556023,-0.104889768,-0.139102288,-0.449834765,0.791329426
4vPgpl2c,-0.252626703,-0.091718407,-0.125111955,-0.722293713,0.185616921
51r9aA0d,-0.238369054,-0.084236036,-0.117253466,-0.35759152,-0.279246821
58SmeRoP,-0.160507494,-0.051151881,-0.118463767,0.936385232,-0.009316406
5HJp1AXn,-0.12431717,-0.034791665,-0.162319287,0.292776075,0.382399581
5MBZW7fx,-0.107949663,-0.048137116,-0.006747875,-0.651837901,-0.172297674
5Nq3gHaP,0.481270982,0.133431159,0.327280431,1.596429056,-0.247478837
5RmwFFK3,0.504330229,0.117728737,0.309828444,-0.57743004,-0.202745386
5Tu5Jbov,-0.243325913,-0.085137252,-0.126372327,-0.279244174,-0.292943593
5YEolkev,-0.260024573,-0.09374153,-0.150523992,-0.432936376,-0.723669197
5a8sf6QV,-0.164966119,-0.061508669,-0.060903971,-0.256385877,-0.165552382
5eSvmqYm,-0.208909129,-0.075703206,-0.088482459,-0.360013203,-0.090665245
5hkN8fiv,-0.084127118,-0.048712575,-0.149359902,1.016468654,0.27232655
5oK8Gti5,-0.278643815,-0.099108995,-0.134621524,-0.578653614,0.479106042
5paniGaU,-0.307718074,-0.108287612,-0.151104318,-0.469909785,0.813686614
5vsr7ZUP,-0.114177149,-0.060912705,-0.031629664,-0.543644859,-0.350944692
60B4xMWI,-0.182339976,-0.068065599,-0.039418052,-0.574312191,0.531417987
64jOUtKy,0.128513724,0.022672213,0.11358548,1.115411756,-0.365648453
6AJo4xNG,-0.198048286,-0.061389321,-0.092131528,0.224309465,-0.049816725
6CAvhEte,-0.250733535,-0.098960966,-0.13862991,-0.794682519,0.017055073
6CuGYjT5,0.739972273,0.151641227,0.413177977,1.22142607,-0.617255667
6DGH8ujZ,-0.257405673,-0.089120513,-0.218574668,0.622420384,0.137797526
6PzsGdVm,-0.21162792,-0.071403776,-0.171652175,0.869475383,0.203350748
6UcSJMbq,-0.030195578,-0.024433002,0.067394422,-0.583307299,0.78096124
6WJbkH8U,0.745768266,0.140678563,0.453992623,-0.23154955,-0.784999829
6eUWsVzw,-0.097949424,-0.051307432,-0.009591255,-0.581913224,-0.253013177
6gNyO7Do,-0.15097869,-0.056932286,-0.063717557,0.016160941,-0.186586952
6jT0AyHe,0.228065284,0.062875546,0.146664597,1.887804453,-1.291307413
6nBgCvWu,-0.249941049,-0.086310283,-0.121044496,-0.212783853,0.307501067
6ro5mqg6,-0.265390302,-0.095953046,-0.137283032,-0.527597101,0.801468374
6sGqObX4,-0.246942317,-0.083200503,-0.137085614,-0.234913845,-0.458176022
6uEGy0n4,1.01871358,0.222585356,0.644545312,-0.017270166,-0.696739918
7BZ4LxP8,0.25402779,0.042954197,0.140980424,-0.53106911,-0.297640796
7CmigXKi,-0.223746128,-0.098913543,-0.16795881,-0.515523952,-0.276487737
7Ga0LpfR,0.615906338,0.148587715,0.319618702,1.206214189,-0.058891236
7PQsFvsG,-0.106938426,-0.046553435,-0.173730078,1.82890544,0.151800524
7aF7nnwn,-0.273964576,-0.097392078,-0.126261854,-0.511423481,0.253630025
7asGzfX9,-0.083124949,-0.031535117,-0.039755235,-0.641276438,0.300742883
7cg7C92o,-0.099465513,-0.023873159,-0.024844055,0.670657421,0.22006597
7eOxTpsB,-0.265379068,-0.096004856,-0.109896977,-0.519058892,0.757371712
7ey0v7ma,-0.042868968,-0.035255902,-0.081443131,0.17561651,-0.69550606
7gocyrYl,0.060499295,0.023789462,-0.054269355,0.54260841,0.599124231
7gqR3GoA,-0.248441383,-0.089304058,-0.126741441,-0.277303134,0.060353215
7og7aUXB,0.04541791,0.016973921,0.025762242,-0.157209619,-0.079765105
7onRfa8F,-0.174845264,-0.068210619,-0.069272898,-0.573538111,1.148122163
7umkNuxM,-0.032984516,-0.017735904,-0.116471253,-0.257680244,0.380761772
7vPr9ExD,-0.171376093,-0.061959407,-0.068383239,-0.145583588,-0.12333026
7zNjpCzu,-0.212284336,-0.075062843,-0.095165813,-0.312763623,-0.221597297
7ztsQNj3,-0.22541044,-0.078660105,-0.107786593,-0.208329763,-0.111679927
86gppwMI,-0.266718978,-0.090866852,-0.135665889,-0.121113646,0.47851475
88thAGdL,-0.194219207,-0.069410645,-0.084505351,-0.124527658,0.006134899
8GhU8STP,1.032149744,0.236033218,0.634261018,1.254878412,-0.775481045
8NlzDcWe,-0.248978885,-0.090275772,-0.123144763,-0.438777156,-0.073692169
8QAejdLW,-0.176948967,-0.06218834,-0.080168892,0.018571877,-0.250878072
8RDeFxWM,-0.281552216,-0.10002909,-0.138751012,-0.389993379,0.694002873
8UXP2NBS,-0.21142328,-0.087929886,-0.101816316,-1.020257233,0.184618484
8ZoV3KGT,-0.17274495,-0.06591862,-0.0664935,-0.315917027,-0.1825702
8ajs2uG8,-0.176830154,-0.080158154,-0.203702123,-0.516707316,-0.502382575
8bXnz62p,-0.126468947,-0.039582347,-0.039806953,0.310212027,0.41347395
8nO1O1LG,1.119074336,0.261665955,0.633796834,4.130799666,-1.253283046
8xE1p8g8,-0.309774005,-0.092865983,-0.182124814,0.530652397,0.59879511
8yMDVMRM,-0.237595449,-0.098402561,-0.224548608,-0.57176319,-0.385985536
98R5VaPi,0.118359916,-0.001219533,0.171912339,-0.918125423,1.225489456
9DcTz2Ua,1.107574675,0.237613579,0.640969091,1.287884896,-0.331466392
9G7nfUrK,-0.188252961,-0.062637034,-0.076024916,-0.706170347,0.43643822
9O6GZ1HT,0.132855506,0.01845365,0.219771995,-0.878756988,0.278876533
9S7fCoAM,-0.24139236,-0.082894877,-0.112870812,-0.230878556,0.221161208
9iQwmFJR,-0.191271688,-0.079406687,-0.100732176,-0.565930696,-0.36163783
A3Mt6SAQ,0.563083541,0.088533605,0.524059019,-0.976143941,0.9485591
AJIsQIcV,-0.247397472,-0.093739573,-0.135173123,-0.628427887,-0.11255715
AMHKXMh8,1.144657924,0.260530655,0.770150371,-0.066218025,-0.700042916
ASwA2J4E,-0.281296985,-0.098568854,-0.131527586,-0.335790556,0.856690344
AaFvEoHq,-0.265715077,-0.096610712,-0.085119696,-0.696613917,0.772276811
AiIPD6hX,0.202528311,0.069411098,0.026522983,1.332421153,-0.536522799
AsIURvJS,0.18626848,0.060333648,0.033204862,0.405002248,-0.274750842
AsvgbJ0C,-0.129183771,-0.05286034,-0.157594825,1.336174632,0.885581258
AxEhbkCM,-0.268328533,-0.099578084,-0.155602468,-0.765846579,-0.328966946
B7VPkIpx,-0.197608469,-0.071066766,-0.055626633,-0.749282842,0.198298247
BBwHqHiH,-0.166749888,-0.059478453,-0.075934146,0.034867107,-0.345716323
BMyps8hr,0.073977675,0.008344104,-0.003578382,-0.40651664,-0.083271951
BUHS4dQw,0.752489082,0.20426455,0.362752527,3.815454439,-0.683657416
BZB3EYWQ,-0.273550334,-0.092812575,-0.12950556,-0.221168336,0.7160636
C5UPCZcL,0.772923549,0.158543466,0.444815738,0.979181674,-0.386231046
C5gIfQbJ,-0.152044139,-0.047284644,-0.137836211,1.149433468,-0.656444121
CDRuu4Pn,-0.282710097,-0.100609113,-0.138577172,-0.433977222,0.681927015
CQhTYkqE,-0.098451313,-0.051394789,-0.02340712,-0.240230254,-0.399259412
CSEobMXv,-0.186911427,-0.061626177,-0.148085016,0.718785118,-0.558806507
CYMQE4x0,0.016759831,-0.017390111,0.097023598,-0.161242251,0.345798924
ChQdtl4J,-0.222828994,-0.077225711,-0.097700591,-0.242053347,0.105250499
ChnD1nrN,-0.243875388,-0.088825082,-0.12460564,-0.549727604,-0.258207069
CvtbbIcq,0.223489028,0.030940525,0.204109428,-0.184464164,-0.347198361
Cxk06b77,-0.142088783,-0.047759242,-0.032341593,-0.186708967,0.048834819
D3QD3ZEJ,-0.205946383,-0.07633993,-0.127413093,0.053002379,0.213005444
D8J5C6lA,0.507662986,0.123433427,0.354642301,-0.488979597,-0.290348058
DCeQwYfT,-0.135217035,-0.046511351,-0.057344554,0.233159586,-0.274393338
DDEftkx3,-0.307150574,-0.107149778,-0.152231115,-0.407392746,0.78065716
DEwCfeDW,-0.194701684,-0.058534084,-0.08183431,0.21684293,0.173406092
DMkIV4oL,-0.293720471,-0.104133513,-0.151193326,-0.400730526,0.652842407
DnzGfbxS,0.112881361,0.030866876,0.076911774,0.734229622,-0.671373683
DoZxo6f6,-0.260964328,-0.089326024,-0.122166115,-0.352437369,0.477334722
DvhBPGIk,-0.303215027,-0.103213039,-0.21029288,0.135050113,-0.138160326
Dx7GoUcT,-0.261274964,-0.08953387,-0.127723125,-0.251045405,0.347593704
E5hIjohO,0.009343252,-0.014234704,0.04789072,0.127185958,-0.410986284
E6x4XGHt,-0.294656627,-0.108969595,-0.147127779,-0.79254121,0.36701126
EDEpAzh1,-0.254435848,-0.066619261,-0.165431166,-0.913320655,0.439534314
ETGudkQt,-0.221512577,-0.073089944,-0.092476946,-0.135212388,0.151858035
EUleKrLJ,0.990337992,0.215017969,0.568865736,1.76193022,-0.393424118
Ehw2Jz6s,-0.256250134,-0.116969627,-0.175484876,-0.77106584,0.344565601
EjqzC4zH,-0.189116646,-0.077994071,-0.033239899,-1.151258568,0.093493448
EkMZO3Qj,-0.226682111,-0.074940511,-0.094363288,-0.153441933,0.270979299
EnoNXWvU,0.086996603,0.011245395,0.161050715,-0.958855584,0.687737124
Epv8ANwr,-0.196792379,-0.068767316,-0.173607479,-0.039321731,0.119563876
Etro9j0B,-0.019550775,-0.000345089,0.05132367,0.299918295,0.233137278
F3MIZj76,-0.251834658,-0.082253405,-0.157857739,0.509176602,-0.043334431
FB8tU00K,-0.201635371,-0.059135962,-0.237058945,-0.083292515,0.85918598
FLhxBGMK,-0.161204597,-0.057034091,-0.061506393,-0.011337731,-0.172922962
FRreR8ka,-0.225695087,-0.078563958,-0.103195072,-0.19523987,0.131566693
FXne4oAV,0.216831749,0.045347798,0.20522397,-0.757447925,-0.086299195
FaW764jk,-0.166374518,-0.048027797,-0.036849356,-0.042222729,0.229593744
FeAbMXly,-0.309361777,-0.11073805,-0.164616691,-0.405751329,0.848212968
FeudaFXn,0.394575082,0.071593211,0.243914629,-0.114209743,-0.667681306
FldUmFeM,0.850172913,0.154067045,0.621271672,-1.803454768,0.356852273
Fnv5tfAm,-0.240140669,-0.08074221,-0.121915601,-0.042458192,-0.158104415
FvrAd3Or,-0.119333408,-0.078863129,0.004929672,0.773635491,1.01570073
G48zHffi,0.121049037,-0.021946719,0.183081353,-1.104812633,1.662162875
G76zCv5N,-0.283603715,-0.098081449,-0.151325772,-0.214059786,0.245629685
G7JGUdNf,-0.145017915,-0.05823559,-0.053807942,-0.314579,-0.28411103
GCo6MONx,0.558425816,0.119316342,0.291200906,1.430770833,-0.633160937
GE0vbpVQ,-0.175031925,-0.102477628,0.00300758,0.001014692,-0.531752727
GN0DfOqt,-0.211267572,-0.067855478,-0.08727066,-0.517671972,0.291738289
GNsTAb1v,-0.031370718,0.004382716,-0.058930644,-0.337661122,-0.161289247
GPwmO21z,-0.222573828,-0.081607445,-0.173417649,0.412708528,-0.310277266
GQYpfLoh,0.488156615,0.107438393,0.265811478,-0.071943037,0.089284934
GR9knT8n,-0.150661243,-0.060128363,-0.183076757,1.412880097,0.25164858
GXtFFbZy,-0.18673653,-0.057822894,-0.111165305,0.8206278,0.309625117
GYvzvvFD,-0.292453578,-0.095199518,-0.168998741,-0.030367574,0.125290344
GemPjTJ9,-0.200203832,-0.063402104,-0.118525246,0.599227087,-0.149335173
GkLYRm1K,1.023445935,0.2129905,0.662900973,-0.617951402,-0.750650791
GmlqP8eI,-0.227708208,-0.104220723,-0.223688581,0.03447708,-0.385722459
GqkIrOvf,-0.168234618,-0.052423641,-0.097102124,0.776651339,-0.360971085
H0fsegPi,-0.248027337,-0.087408171,-0.11990653,-0.324144496,0.184302738
H4dHpJjU,1.098763242,0.248039347,0.630837008,2.579392787,-1.14378829
H5QwJCuU,0.553251708,0.125953272,0.42967194,0.315696858,-0.022084163
H5uwmSZ0,-0.306213455,-0.102682734,-0.139117392,-0.368947494,0.512221849
H8MtbVoL,-0.176655256,-0.063597832,-0.07060984,-0.144461875,-0.126118664
H9JrUYnp,-0.221083016,-0.076773366,-0.1002984,-0.13746146,0.147968496
HHYmmHVk,-0.294319049,-0.103620536,-0.14473491,-0.444951363,0.690716038
HJ5U4uqL,-0.274755343,-0.104277666,-0.24584665,-0.026123423,-0.156721694
HNQxYc4w,-0.292788767,-0.116611717,-0.153866276,-0.756751708,0.283037466
HQYhKHZ8,-0.269301403,-0.106182508,-0.19905601,-0.620362206,-0.13051509
HSCMx0MC,-0.279021987,-0.099244826,-0.136699696,-0.371320485,0.711811539
HXYuE0fx,1.035652189,0.219430677,0.599171743,1.57589546,-0.79254061
HdKcxEWr,-0.105464479,-0.029083152,-0.013920658,0.334675693,0.274964714
HecW1iCC,-0.142647567,-0.032120936,-0.099310943,-1.253877822,0.261706991
HpbKB8rv,-0.075453493,-0.04634452,-0.105885034,0.655815369,-0.522093617
HrkoYjCg,-0.070180956,-0.008439627,-0.052390781,1.87903669,-0.526152931
I5P2uquT,-0.125972754,-0.067232275,-0.073352399,-0.078994623,-0.472699692
I94qkDM7,-0.274672673,-0.095872536,-0.145211747,-0.292754871,0.194288822
I9sQbtt8,0.166125591,0.018901,0.031669225,1.95642528,-0.382125797
IFxgw6ZX,-0.230139575,-0.072088982,-0.122775482,0.1811225,-0.400282539
IPPPSyoU,-0.289547545,-0.097599726,-0.240767648,0.187530884,0.057618918
IQOYQubU,0.848242845,0.179935383,0.481930092,1.999938324,-0.806059926
IYNE2SxU,-0.233981287,-0.083652474,-0.122282414,-0.403239972,-0.252434937
IZRFk9kN,-0.115078965,-0.034122242,-0.02783226,-0.228693893,-0.06279718
Iaq3v0t3,0.730559157,0.140224822,0.616974676,-1.223431914,0.759212853
IbVwu1t6,-0.281804155,-0.099912241,-0.230731664,0.303022221,0.148488339
IcHKTLyo,-0.1630962,-0.060356384,-0.073830196,-0.009746554,-0.209232843
IpW80wVB,-0.262664296,-0.101476457,-0.17843915,-0.251592517,0.206847133
Itb0PYUV,0.921944,0.204520482,0.506564339,2.752225859,-0.758851775
J8fpSwS0,-0.285826698,-0.099205733,-0.105496073,-0.509828417,1.009689505
JE1SlbD0,0.630789369,0.172250251,0.365543898,1.353229259,-0.750757866
JEB4McNb,0.820723389,0.156971402,0.50505498,-0.016261511,-0.747476091
JEE4QVeQ,-0.191371129,-0.075267559,-0.091883219,-0.371374108,-0.281561654
JJSEU2VQ,-0.302572076,-0.102278002,-0.145629352,-0.321472229,0.782794116
JSsVriP2,-0.038247505,-0.057529799,-0.008952616,0.202290074,-0.104695054
JUvQNiOK,-0.03160218,-0.028716429,0.072461797,-0.515881817,1.061881891
JZbrRtm2,0.246576633,0.027493859,0.264886676,-0.482345608,0.810385419
JcE9G92B,0.437437153,0.119458278,0.232209822,1.048170855,-0.537085496
JnNYpXHr,0.54231103,0.154108818,0.332581228,2.713856372,-0.073154654
JzpbnOtz,-0.266263546,-0.093716237,-0.109681353,-0.474791957,0.726539671
JzzUhPQp,1.060945957,0.219929521,0.706065088,-0.688847599,-0.897820301
K05R8dQK,-0.123928886,-0.011905548,-0.147744431,2.651673939,-0.438543959
K17pG2mG,-0.231991116,-0.089656025,-0.087126995,-0.690243982,0.364498
K8BellUe,0.245560551,0.046445931,0.111338706,-0.861704897,0.109122442
KJ2eH6rr,0.101506671,0.031854416,0.083725702,0.501612874,-0.656520088
KJEJ6Glk,0.581929976,0.157304312,0.331613541,0.930620518,-0.643370196
KSbO0oXS,0.154913896,0.028808644,0.133784433,1.219230768,-0.348617825
KXtvmd01,-0.292030208,-0.102963824,-0.14323654,-0.379714689,0.710234159
KYiJqBuJ,-0.146057871,-0.063253325,-0.041535727,-0.646132869,-0.262169405
KmbAyTcE,-0.056431235,-0.010962065,-0.025858976,-0.594742635,0.098317931
KnNyl3rV,-0.19240425,-0.084400761,-0.054846869,-0.738974482,0.927228389
Kp2DG8TZ,-0.232735099,-0.084534555,-0.082511874,-0.81862098,0.352492582
KqQtKWs5,-0.245340427,-0.08743371,-0.114992745,-0.340928676,0.083137545
Ku27g63R,0.721483416,0.165625535,0.529992557,-0.046695469,-0.396770651
L2aTVqDq,-0.066939152,-0.036078373,-0.17412705,0.492910826,0.5888374
L5jvq6G4,-0.252288194,-0.089613792,-0.119558557,-0.336108991,0.172396493
L91hYVQl,-0.243034794,-0.086985586,-0.11627102,-0.439861385,-0.145902222
LINAMlbA,-0.25820983,-0.07524095,-0.145191325,0.546846418,0.226436527
LJoUNXSx,-0.272257494,-0.097263939,-0.227113407,0.422008444,0.016556065
LLtSiyWD,-0.30477783,-0.112955621,-0.178157579,-0.705718974,0.188635692
LQJtV8kn,-0.140751645,-0.051119977,-0.046673163,-0.120882061,-0.325816156
LW9uddw7,0.07939276,-0.001954142,-0.007143465,1.017007447,-0.703968993
LZ6sdBTR,0.900415426,0.211048898,0.547263129,2.020975203,-1.16002871
La2Vhnne,-0.109264504,-0.041804739,-0.037835143,0.282634835,-0.127240112
LaUWSq9B,0.128029655,0.04159517,0.116684862,0.789230209,-0.52922962
Lk4SfkPQ,0.031669941,0.011837181,-0.008262839,-1.178821873,0.013868847
LllC836d,-0.214543027,-0.078894429,-0.14277047,0.284460912,0.32707596
LuGiGeWN,-0.261406856,-0.088606819,-0.132895497,-0.058863275,0.272088294
LzcyHcWa,-0.304714768,-0.106680976,-0.151877072,-0.366362655,0.867848302
M7veP0H4,-0.240616981,-0.081507353,-0.112036721,-0.129318461,0.338554711
MB8aaJUc,-0.207208034,-0.070608386,-0.140622492,0.688590471,0.075594801
MDpe2zuy,-0.230270123,-0.080495062,-0.108625312,-0.335423827,-0.180743414
MEzdmEIU,-0.276821868,-0.098836112,-0.123106214,-0.472629671,0.533410552
MVnhtivm,-0.24373136,-0.092194525,-0.173848822,-0.243657182,-0.04679749
MYU7WDis,-0.187277044,-0.077445849,-0.026456304,-1.248874615,0.65352012
MZFqh6yw,0.559117836,0.097396672,0.416940021,-0.427000329,0.464201221
Mdgy4SsO,0.783102951,0.185475892,0.406032269,1.659538805,-0.648860784
Mj8awnzy,-0.259436736,-0.092055353,-0.112014782,-0.483555622,0.669350373
MpFPbUJy,1.012684242,0.229074542,0.580688668,2.741315556,-1.233620027
Mqk7MFBM,-0.228683502,-0.075220167,-0.086939707,-0.207181691,0.305152035
Mqs2t1Eo,-0.11457254,-0.022944289,-0.113212538,-0.518121462,0.236499641
Mv3jFVxp,-0.25195241,-0.093115435,-0.127791775,-0.571234085,0.227364781
MxODTXvA,-0.16739845,-0.058021503,-0.068005588,0.070132632,-0.157000332
N46PbpPM,-0.274627741,-0.100289605,-0.124992467,-0.50366716,0.723184874
N5S5F9Gk,-0.275739721,-0.092886713,-0.157655525,0.103156009,0.512512915
NLDg5fqw,-0.158516221,-0.076273507,-0.144040065,0.30617413,-0.035690003
NOho2ZiM,1.388582599,0.296970187,0.833054705,1.413083979,-0.569242868
NUuY7PFU,1.144632191,0.264210379,0.672169144,2.069132701,-1.032107172
NV1e8AEO,-0.284711239,-0.096614532,-0.138285407,-0.267676508,0.760786568
NZLXROKC,-0.143259961,-0.052441087,-0.047783607,-0.019886982,-0.156700845
NaJo7C6o,-0.003299335,-0.024851901,0.043683574,-0.261756178,-0.083872288
NgsyGkrO,0.369368236,0.101644613,0.239807763,2.064370303,-1.029472061
NjOx4Zpo,0.091111227,0.014698279,-0.055903864,2.397805632,-0.7471418
NmQoI7x0,0.857020659,0.162520596,0.614521032,-1.001153907,-0.252607959
No4wkdLS,-0.260207371,-0.096080892,-0.132533601,-0.652524597,-0.195868885
NouMwhOf,0.13862249,0.042510532,0.078689767,0.502334307,-0.778173101
O6YAWd8C,-0.172878039,-0.061765723,-0.082460267,0.025568942,-0.349127972
OAXVphSh,0.431763593,0.073024699,0.3249346,-0.559027527,-0.199583876
OJBBhb6Q,-0.279482591,-0.102199681,-0.128366107,-0.607513154,0.518879954
OSIQXImL,0.069648895,-0.002060341,0.096404485,-0.2058036,-0.4612089
OUUFc5Zz,-0.293331687,-0.101111015,-0.137806697,-0.397518913,0.629756902
OVk1lquT,0.57370557,0.154238786,0.337205974,2.61502693,-0.273969228
OXdRxjzz,-0.134488996,-0.067417678,-0.168517717,0.408506999,0.051204117
OXxW2ekf,-0.277675808,-0.086653241,-0.148770068,-0.928100494,0.429786707
OXz5OpqR,-0.125092023,-0.0404356,0.002700553,-0.323548646,0.16997921
OcBFW1AX,-0.237118064,-0.075780662,-0.129083329,0.339703524,0.09892256
Of9V2rpt,-0.170470633,-0.063914595,-0.065160593,-0.210107917,-0.064075303
OfLxPhbG,-0.1130005,-0.062824807,-0.053298506,0.082220988,-0.746409099
Ojx2vi48,-0.26376781,-0.096708676,-0.129163135,-0.607694078,0.046683087
P3M32iuT,-0.256970519,-0.092054638,-0.126611949,-0.40357977,0.105159112
P7olVzrO,-0.224116989,-0.086627081,-0.10739673,-0.790220916,0.045868485
PAPHErnv,-0.270278327,-0.093058142,-0.217374747,0.426300789,0.209061736
PBjEtfXb,-0.277071811,-0.095525013,-0.119733382,-0.330909533,0.90068528
PZGpoBBj,1.004877802,0.217491314,0.649861712,-0.423968904,-0.522078044
Pc2RrxXS,-0.240461529,-0.077851869,-0.156450007,0.217420185,-0.913893072
PcHQ4FOu,-0.224553274,-0.079118765,-0.105200456,-0.237405056,-0.004613678
PeNyTOVN,-0.16337565,-0.048330245,-0.072235101,-0.284052616,0.310610259
PhUPSU53,-0.088927831,-0.028619695,-0.111911211,-0.691898193,0.048832524
PmUNeV2O,-0.270314316,-0.100617418,-0.13966081,-0.683582598,-0.175021069
PoDJ0uvK,0.601042687,0.147086792,0.457444194,0.014673311,-0.189373417
PsUJdJdg,0.175528125,0.057029965,0.017659445,0.20118407,-0.303477461
Q3xLFx1f,-0.024086317,-0.042573561,-0.129947869,-0.073546796,-0.916931117
QBGxCvdM,-0.172188142,-0.065858462,-0.068009837,-0.380709462,-0.224851504
QCEPyu6L,-0.190050215,-0.062495746,-0.236006589,-0.452780688,0.854948378
QEfwec4s,1.498758301,0.333494511,0.889422175,3.482569805,-0.720139312
QZ87Nnr3,-0.240216272,-0.083076951,-0.109938838,-0.233044973,0.275000492
QlyGN9jv,-0.26701291,-0.092622602,-0.135432957,-0.12481129,0.470044626
QqgWE1ny,-0.21121248,-0.073642119,-0.095268761,-0.175709625,-0.141969579
QrjjBpZd,-0.140928819,-0.051246202,-0.136873462,1.019790921,-0.446548484
QsaBiX7V,-0.208246009,-0.071778065,-0.086700947,-0.202126643,-0.076704765
QtBKJuZk,-0.220078721,-0.092954006,-0.116022636,-0.671014133,-0.263196143
QtPRO8OJ,-0.286741979,-0.107572731,-0.157804898,-0.71549785,0.226127029
R8XcsFnp,-0.278035218,-0.078845779,-0.163461178,0.475242172,1.515828799
RROfRt9z,0.2714873,0.080912242,0.138493431,-0.205333548,-0.239722472
RTcbiDGq,-0.313704613,-0.107158499,-0.208904056,-0.133180392,-0.419372219
RVidM9g0,-0.121954122,-0.067244712,0.025067567,-0.239903181,1.542033339
RZnQSH19,-0.308187061,-0.108703843,-0.151272114,-0.474914951,0.77754577
Rc4UK7fT,-0.308695798,-0.087335121,-0.165580949,0.31389176,0.174140823
RcKBKh6B,-0.261282987,-0.086957286,-0.118707571,-0.234913341,0.490527158
ReM5kDa5,-0.17066931,-0.061472444,-0.066972266,-0.133826612,-0.12645051
RfntsotG,-0.294714995,-0.104311528,-0.147680235,-0.423060437,0.648201199
RiXMlzXD,-0.23198796,-0.080225904,-0.128147813,-0.25934778,-0.483674463
Rik83O3m,-0.239028159,-0.087142225,-0.112408283,-0.482134128,-0.168194332
S3PCzDzO,-0.155147285,-0.0623595,-0.027365313,-0.884769192,-0.049780303
S77BviOJ,-0.22096716,-0.078017927,-0.101712826,-0.227646724,0.026522303
SDdvtktF,-0.129315076,-0.066863503,-0.159280677,-0.351218249,-0.585476265
SHs1AyfM,-0.21841001,-0.095956105,-0.08222208,-0.97252652,0.214455081
SO4zQy9k,-0.298932051,-0.102369415,-0.139960594,-0.360202649,0.822539338
SOOBCoiG,-0.25889925,-0.09725769,-0.112516046,-0.58984062,0.592105351
SXkkPB7A,-0.268269765,-0.091419912,-0.104657196,-0.214538171,1.041548818
Sa93dGqq,-0.219828477,-0.063209651,-0.117341005,0.722571538,0.434132242
SonIG72a,-0.261688555,-0.089194217,-0.133425775,-0.030069763,0.482316805
Suf6hIBc,-0.286338937,-0.101292474,-0.13592532,-0.368647302,0.833612177
Sx2JeSRz,-0.14047196,-0.055717594,-0.047166494,-0.093091159,0.016095071
T1Tlftr4,-0.237719269,-0.087369595,-0.066282818,-0.48962609,1.077819243
T7ulR4ci,-0.269533045,-0.093970001,-0.126178135,-0.397619314,0.531192149
TA1NB3Br,-0.27273257,-0.094533388,-0.122557425,-0.334846616,0.806484316
TFZUskaK,0.037284599,-0.001473207,0.047778823,-0.085979016,-0.726629046
TNL8HGWZ,-0.183866884,-0.067299279,-0.077931289,-0.243812863,-0.156196399
TZ8z1GSF,-0.274580392,-0.09915968,-0.15849281,-0.581947289,-0.044453012
TqhRvkJJ,0.801179629,0.126434091,0.486587878,-1.482938247,-0.241977373
TtJCUiY4,-0.276748637,-0.093480609,-0.106873924,-0.28519689,1.049801037
TwDq0lua,-0.144789636,-0.063346802,-0.05240095,-0.226437043,-0.060975401
Tzyf02sI,-0.253102447,-0.0926086,-0.086487393,-0.387057612,0.826915771
U3yI6ZS5,1.219322768,0.268070615,0.691719012,2.897881401,-0.652824098
UBLnXZAN,-0.105210607,-0.039431982,-0.112918384,1.448594071,-0.387628658
UBWDzleg,-0.218906304,-0.069045436,-0.163428473,0.916777096,-0.395967918
UBqkX6SY,1.032057982,0.232850334,0.662849938,0.045325965,-0.669931557
UCIAi1Aj,-0.217448151,-0.080913928,-0.124430618,-0.32824573,-0.37742437
UPbXGvCS,-0.156288997,-0.061789341,-0.063255657,-0.323929446,-0.299503893
UeWm1l9F,-0.090767453,-0.039539986,-0.166850985,1.652550454,0.739739178
UhucscY7,-0.200443585,-0.083767693,-0.177080203,-0.596144825,-0.566946971
Uri1SvHV,-0.161505378,-0.060187041,-0.069179272,-0.170285846,-0.34446874
UzxipGJS,-0.317186889,-0.10803927,-0.163780297,-0.38629735,0.587593695
V74zfaAQ,-0.177159435,-0.062827151,-0.079739908,-0.061158805,-0.286706944
VBPxBLTh,1.287100067,0.285235168,0.756722601,2.740254957,-1.040030076
VLG7CXYS,-0.244651065,-0.081595009,-0.115566154,-0.033528717,0.517591522
VNk52SpF,0.153599938,0.010407278,0.023443709,0.714990193,-0.586219779
VOREKsok,-0.306204434,-0.107923647,-0.147273892,-0.476052436,0.864739194
VRhTr5pX,-0.291754756,-0.105734161,-0.139646531,-0.491438379,0.382490104
VTcG4Kcw,-0.231779276,-0.077736319,-0.071949712,-0.22746191,0.826015816
VeKiWSbS,-0.279925374,-0.098972812,-0.13268176,-0.344221286,0.874625474
VnU8nJHU,-0.209546259,-0.074295547,-0.088823932,-0.244406651,-0.021459673
VueNCxYv,-0.254392168,-0.08701402,-0.168926347,-0.80409002,0.842941653
VxuQTRUl,-0.210620516,-0.074595146,-0.087573832,-0.391737319,-0.157150402
W5lgaocA,0.508317025,0.09711901,0.420349619,-0.499702747,0.220096111
W5mMq9Ef,-0.246812303,-0.077122631,-0.225002826,-0.044003015,0.59316928
WDhNqFpS,-0.113819702,-0.037850317,-0.048545304,0.484407674,-0.529797639
WE6n1kZi,-0.243847148,-0.093029795,-0.232134191,0.586985348,0.037666106
WFk6r3vA,-0.234516318,-0.082405675,-0.110201095,-0.266962598,-0.005449443
WFyIrsUR,-0.003200054,-0.006441851,-0.043022289,0.897543451,-0.744918625
WG6ZAsqR,-0.300830406,-0.106707689,-0.148304926,-0.487283614,0.777049587
WMq3CZQk,-0.060389723,-0.038358711,-0.143604422,0.906077451,-0.464726524
WRskmGjh,-0.250144067,-0.087509308,-0.120264799,-0.462734966,-0.122814727
WXijSglj,-0.226271295,-0.094741681,-0.196777944,-0.425574914,-0.290593142
Wc0stQgu,-0.192293865,-0.068750797,-0.176312191,0.7498864,-0.170920217
WewoSCUB,-0.268053577,-0.097043476,-0.131411625,-0.513583193,0.093472273
WuHuhHWJ,-0.270380729,-0.09968174,-0.116315588,-0.516953037,1.049091134
Wv7EBtZb,0.66297663,0.159960778,0.483318529,0.201569466,-0.568203317
WyPlxDn0,-0.293771082,-0.099662947,-0.13936037,-0.334854233,0.777698354
X3WqoSNN,0.639071069,0.125501033,0.358186046,0.975711128,-0.499809538
XDhyP9KB,-0.228735008,-0.077700962,-0.119472447,-0.055226891,-0.320473378
XQxhDRMG,-0.276016369,-0.087714005,-0.158106179,0.191536375,0.520151183
XjLNAwxW,-0.149766986,-0.050111169,-0.072542832,0.191382942,-0.566740309
XjfVQbXd,0.174767854,0.017521185,0.197074741,-0.551244673,-0.089785585
Xovczbf6,-0.305036835,-0.107203084,-0.15084831,-0.446420895,0.787239236
Y8H4onBf,-0.229826733,-0.08092991,-0.10436685,-0.238842608,0.057613678
Y8YgzSZ9,0.81658919,0.190228939,0.520891256,-0.237620262,0.173931418
YC4PNV20,-0.25700409,-0.088355998,-0.125442592,-0.232172592,0.334556207
YDHSCRdd,1.370471269,0.301755333,0.779424461,3.73507361,-0.483844754
YIJ87aME,-0.231170719,-0.076108211,-0.101263911,-0.252600879,0.181493304
YKvT4dFv,-0.282906786,-0.105564613,-0.183851763,-0.195899036,0.551348805
YNebALR2,-0.287806959,-0.095045514,-0.161682368,-0.090575115,0.141605598
YNrnqFyb,-0.062072274,-0.018029124,-0.01935406,-0.721734461,0.183913047
YUZ4lR3m,-0.276641572,-0.098067844,-0.142226011,-0.42335651,0.311064115
YYLvjoVC,0.168340616,0.028846562,0.136825852,-0.124862073,-0.230365356
Yb8OtMb2,-0.134643118,-0.052962585,-0.048634314,-0.117981314,-0.263203096
Ycg4lTYw,-0.1742334,-0.054003281,-0.13183096,0.620766294,-0.801377631
Yfk6tekH,0.236048592,0.035050485,0.228267045,-0.649823915,0.217623543
YoSfgmR6,-0.241574286,-0.08421374,-0.129647886,-0.284346174,-0.310285781
YpzFvexy,-0.223551551,-0.083472526,-0.156813428,-0.112647067,-0.283072779
Yxqppfa3,0.155514221,0.049691274,0.081116567,0.812062488,-0.337060617
Z16jTUvP,-0.228022064,-0.06988496,-0.165841433,-0.58791027,0.330378387
Z2BdCCbJ,-0.28188916,-0.095725059,-0.134928672,-0.220451693,0.763357739
Z2JJMM6V,-0.213327858,-0.072592453,-0.097083575,-0.319943641,0.100110229
Z5jE1OB5,-0.243585447,-0.076211262,-0.123923182,0.001305564,0.18687021
ZFsIqYxA,-0.227491927,-0.081434518,-0.128245295,-0.301647997,-0.273222679
ZHDVsoRh,-0.223052657,-0.079155477,-0.232638598,0.499573602,-0.712814866
ZSmfu2Fc,-0.299098978,-0.088654149,-0.184115349,0.614156834,0.585734063
ZU8YXF3H,-0.300859724,-0.10685524,-0.147513323,-0.497202391,0.803931906
ZXKaNy6Z,-0.258420148,-0.11095601,-0.214576032,0.133062023,-0.258877821
ZbYLo0zK,-0.205398905,-0.087546346,-0.111022268,-0.710276864,-0.202684079
ZedN8Gcn,-0.274872782,-0.081327981,-0.187326829,0.18500489,-1.09670674
ZgD4Dau6,-0.095586498,-0.048315932,0.027163066,-0.44433371,0.547126425
Zgzf79LA,-0.255782076,-0.093893125,-0.12477293,-0.564908472,-0.131477464
ZjqzxDOF,0.230619531,0.042924597,0.254368397,-0.320950145,0.091316118
ZsZ5aDpq,0.24076542,0.079495972,0.15750107,2.100858895,-0.965013098
ZtyqE7If,0.065662579,0.024683744,0.025832332,-0.244961584,-0.169657625
ZvUgz01f,-0.249682131,-0.090930606,-0.094101402,-0.652417249,0.550685393
ZwrhgdQV,0.559818698,0.145354403,0.332453745,2.153865529,-0.817316008
a7bhJGBU,0.816576564,0.17239284,0.442197798,1.889300738,-0.498475582
aHpv6KzP,1.346302546,0.286671302,0.780025449,2.11932461,-0.377339826
aINzEBVN,-0.233896927,-0.086877684,-0.127886791,-0.419852478,-0.395921394
aP9EtTGF,1.302825932,0.273833901,0.839510161,-1.354211484,-0.064326411
aV6EhtSL,-0.231584035,-0.084665155,-0.105439169,-0.589509717,-0.185393165
aVZsXKoH,0.999617105,0.212448804,0.63849624,-0.389773798,-0.467609363
aYVnVJvc,-0.139878362,-0.048389887,-0.052863414,0.167893309,-0.303636984
abCzN1zx,-0.116184572,-0.056754962,-0.202938317,0.243161782,0.268804235
ae7sMiB4,-0.048337749,-0.006958887,0.009246994,0.102350114,-0.121383873
afsVuCGV,-0.213647348,-0.055822182,-0.16135987,0.016512889,0.283830932
aiwBQETI,-0.173224083,-0.064139385,-0.069261242,-0.261772723,-0.17027913
aiyli4EI,0.818691513,0.200513682,0.549213894,0.882481015,-0.125872008
apJ7NmzD,0.979750003,0.222583776,0.683291014,-0.024893882,-0.621446743
atVjNMtQ,0.02340806,-0.015129968,-0.03611814,1.105272962,-0.604427466
b5GirVGV,-0.292420148,-0.108628008,-0.15031812,-0.669953097,0.541700497
b9SpMjNB,-0.204019627,-0.062873729,-0.081698162,0.072859462,0.715575871
bAFs37yy,-0.303637087,-0.10468218,-0.144283424,-0.399873544,0.783625985
bDia1hHV,0.128234125,0.045001697,0.033699727,0.140156585,-0.469825392
bFkv5Mtr,-0.161804779,-0.058407175,-0.062877613,0.055648578,0.061143616
bHe2IXgA,-0.006588179,-0.017238169,-0.055014134,1.49542165,-0.567318572
bWX3vUm5,-0.170725871,-0.060822385,-0.070737039,-0.028302446,-0.186911066
bat8tcGs,0.039254922,-0.007362062,-0.009035812,0.119016146,-0.858987342
bfjej4wu,-0.197317955,-0.064062536,-0.100325492,0.247370844,-0.395219324
bh04YDiP,-0.242231948,-0.083912868,-0.20268192,0.215631751,-0.222115331
c110Fdc8,-0.272047521,-0.097280485,-0.133817569,-0.36322513,0.815984937
c32GUzMa,-0.233750495,-0.079303048,-0.122355448,0.189654087,0.277396998
cT6uU0B0,-0.248900293,-0.090355154,-0.134520924,-0.678160657,0.977979853
cWXCiFwh,-0.259445467,-0.092481995,-0.14053736,-0.532029063,-0.277388261
ceNvS3yd,-0.311994492,-0.100908645,-0.227050174,0.319946909,0.628856525
cmwdt4Av,0.961143184,0.210534704,0.560386459,1.528600723,-1.014465166
cn4EHsup,-0.265079945,-0.087563171,-0.183663031,0.391742874,-0.032016906
crVOGGTT,-0.212597022,-0.069341593,-0.083861896,-0.522001441,0.479276674
csPEJ1E5,-0.199954149,-0.071812635,-0.087385964,-0.211045036,-0.02675155
d0UrRtMk,-0.299487699,-0.10504594,-0.142379788,-0.493479523,0.869933391
d6LU4G4I,-0.218516121,-0.075162735,-0.109271795,0.013917434,0.09277431
d74T1DVv,0.127566859,0.031065437,-0.031852598,2.586946744,-0.717850193
dR6rM1tQ,0.282989111,0.066828667,0.127156939,-0.830662318,0.259913296
dUNxOoqg,-0.218276702,-0.069402764,-0.138803202,0.593494486,-0.307565772
dUnlyhj7,0.250314493,-0.002151867,0.304909668,1.580807665,-0.206094605
dVDlnZQ6,-0.203791527,-0.07214983,-0.156325894,0.211173301,-0.638344877
dVT26GDu,-0.230512133,-0.075600004,-0.099040108,-0.49579692,0.421245945
de43ycXY,0.225756628,0.037585692,0.223247692,-0.815744348,0.673394427
dfIn7m9z,-0.351278394,-0.118936205,-0.293317681,0.354643031,-0.302747995
dhmb9ZY9,1.093291905,0.23646684,0.620703551,2.416875958,-0.74660411
dn8kCuyf,-0.199829305,-0.0996051,-0.134165228,-0.417552094,-0.279056159
dpcquvWW,-0.30810785,-0.104302315,-0.165977368,-0.187045881,0.271159503
dqcbIMyr,-0.262764365,-0.088451973,-0.14708823,0.080350122,0.123722246
drWgsBf5,0.034974926,0.013065131,-0.035125375,1.345413785,-0.642454309
dytx0HSe,-0.307786399,-0.108553148,-0.154422282,-0.458708762,0.76062177
e4KkkIha,0.592043182,0.10508398,0.437038169,-0.863540714,-0.511162961
e9YorH4m,-0.10605618,-0.061217695,-0.059834503,-0.927303056,0.337037765
eB9gVQ0R,-0.167104782,-0.060471198,-0.061350593,-0.852347714,1.001325258
eMhLFqU6,-0.251088916,-0.084809542,-0.139934902,0.068525062,0.116603026
eMllg1qm,0.145872573,0.033415148,0.161059646,-0.486969102,-0.02736102
eNPunZ9i,-0.211213436,-0.063406095,-0.124742639,0.614499824,0.118912263
eS5BSM4J,-0.28579115,-0.103745872,-0.138994822,-0.478472791,0.811858402
eVGMFoOI,-0.128087368,-0.07292724,-0.054938326,-0.725565127,0.601393857
eaIwb3rG,-0.235407925,-0.076776399,-0.089998054,0.110054118,1.037036845
eyzw8Vis,-0.279404703,-0.096782873,-0.129690027,-0.132554004,1.220594343
f04Ke2bN,-0.265004108,-0.092464353,-0.155329247,0.00864746,0.517211672
f4GA0te1,-0.306262796,-0.112371615,-0.142547191,-0.577619283,0.538975108
f7bd91h5,-0.277994634,-0.0961584,-0.134853875,-0.331043531,0.577055242
fB7z9ndr,-0.265912843,-0.091976457,-0.107339752,-0.39633965,0.658940702
fEe7AWFA,0.202034089,0.063490555,0.098382141,-0.140917077,-0.380297585
fJJIbgY9,0.472869223,0.104325703,0.379534603,-0.711592446,-0.142602984
fQBURMvg,-0.27476231,-0.097445072,-0.137400135,-0.29224753,0.69798621
fS0HpOub,-0.305044137,-0.105303608,-0.151900464,-0.33477453,0.6505198
fTDXauuk,0.367668306,0.046394035,0.286569924,-0.23075573,0.201076181
favPNA2N,-0.196207439,-0.05113008,-0.096469256,0.863739653,0.077323276
g3Fv0U4k,-0.188664548,-0.062996548,-0.155141203,0.795757694,-0.520082848
g5PKo2E2,-0.119679581,-0.057426851,-0.022658104,-0.499919062,-0.106824737
gbjnD5fe,-0.283957439,-0.105276209,-0.141836519,-0.84934698,0.847505451
ge9zqXCv,0.047353169,0.007493266,-0.042590351,0.142805381,-0.813761517
geeqJpSE,-0.308089602,-0.107066014,-0.144811003,-0.419490597,0.872135711
gqy1J2RS,-0.122402596,-0.053916825,-0.034724475,-0.403108016,-0.289243229
grlUtS3H,0.502655339,0.097096612,0.166081023,-0.879420629,-0.386392601
gx965KYj,0.163560945,0.041660655,0.032974709,0.368116765,-0.110759924
h3F08Vjm,-0.26716473,-0.095899245,-0.12133654,-0.407055969,0.633503166
h6FQG8Iy,-0.262591434,-0.088430187,-0.096966175,-0.254975363,0.868869505
h7ftM8b3,0.999631352,0.218572626,0.656694785,-0.549836244,-0.633681691
hLrCHXZv,-0.152515155,-0.058166432,-0.054091156,-0.238260889,-0.225039523
hQ6VBuFx,-0.165411697,-0.058285828,-0.059557541,-0.749845717,0.932190764
hYoR2y7w,0.080104222,0.034252385,0.004824623,0.124714179,-0.313310124
hf65yZkM,0.632352198,0.171201396,0.349916103,1.964965454,-0.562100431
hjuwe1x4,-0.207478151,-0.075045225,-0.085292965,-0.334913473,0.103798073
hyINlsFR,-0.105304042,-0.032291866,-0.096831738,0.86394041,1.380606814
i0Qlm9Bv,-0.262670618,-0.096191798,-0.10670531,-0.481908684,1.072344528
i1VxfxMb,-0.265910294,-0.095710639,-0.102651986,-0.400875994,1.068923761
i2l6jXNP,-0.306558496,-0.103684299,-0.194402603,-0.151657742,0.160424897
i4FgPZv7,-0.266379325,-0.087925523,-0.116534642,-0.35577642,0.665733207
i7XtIkSi,-0.143322981,-0.024277842,-0.090533395,0.750979807,-0.409360903
i9z346Ut,-0.143336571,-0.039036769,-0.157659028,0.945828564,1.059971661
iDOat4cZ,1.133240585,0.249651348,0.790329735,-0.848322846,-0.662735085
iNv6RoSO,-0.244472076,-0.090157513,-0.131532365,-0.192834763,0.604145442
iSL9NYzy,1.285420372,0.278410936,0.725687644,2.991464237,-0.300257572
iSqVc1r8,0.162147646,0.02828082,0.187866636,-0.947936992,0.704047694
iYZMftt6,0.048952452,0.025889955,-0.004423406,-0.096203227,-0.324008287
ieTPaa3c,-0.266873408,-0.093275678,-0.162116192,0.016755264,0.204742102
if7BmzU0,-0.307986648,-0.107092357,-0.144982391,-0.434366684,0.839048693
ihNz5bmx,-0.239877521,-0.075860106,-0.138222428,0.586745998,0.113757752
ikJXKdIN,-0.276037987,-0.099924456,-0.131648033,-0.619102988,0.194597551
iq2kxikN,-0.18552748,-0.069351244,-0.091302846,-0.159146063,-0.261940952
iuZEDJK7,-0.306650322,-0.10729515,-0.142223358,-0.45625649,0.787202144
iyF8gVT7,-0.269956722,-0.08989437,-0.110451803,-0.144493575,1.142790594
j06qdQ0V,-0.301777994,-0.100577061,-0.178793662,-0.042702469,0.190193236
j7hl8svO,0.160543889,0.057823002,0.080506518,0.223752825,-0.4564887
j8hMoJUN,-0.263163967,-0.097009491,-0.136698246,-0.658533651,-0.145132696
jNaFasbV,-0.243464837,-0.075354432,-0.195227317,0.97433899,-0.442738293
jVVHeYHT,-0.214892999,-0.080359876,-0.065396944,-0.849933396,0.340296414
jXm4ySvK,-0.260352266,-0.084904973,-0.122207711,-0.092084745,0.620023914
juO5ii5l,-0.113934206,-0.052612721,0.035902824,-1.145187935,0.535597525
k2hdEBsU,-0.279333439,-0.099578526,-0.132972328,-0.453561331,0.664481562
k3ynMfhN,-0.072439022,-0.045036447,0.046168552,-0.68909616,0.947705562
k9C9yBtr,-0.160373347,-0.059799329,-0.061373027,-0.168182686,-0.191147467
kAKRvcRo,-0.200275147,-0.068366427,-0.154547536,0.403276884,-0.565328417
kBi3R2oC,-0.038432671,-0.006895651,0.001866378,-0.128790589,-0.002313562
kDWmnsXe,-0.203811176,-0.073645837,-0.087106194,-0.272151163,0.0528446
kSGBd2Vh,-0.302907115,-0.105531393,-0.138265954,-0.461439959,0.683816639
kT0miHPT,-0.300124818,-0.109725968,-0.158750943,-0.542382686,0.606066993
kaW0TfRn,-0.281560769,-0.103979496,-0.158222396,-1.296607529,0.864876612
kmg3SowO,-0.224702669,-0.075220189,-0.198226197,1.035922136,0.366674177
kpxKSlnF,1.242153382,0.278429291,0.764021244,0.676411008,0.311392478
ku2cn1MV,0.434251581,0.080120637,0.341804906,0.478772266,-0.474374096
l1su5HU9,-0.19849273,-0.05660847,-0.0901514,-0.071605457,0.188867028
l8Tg2RvD,-0.222971889,-0.074855257,-0.077502689,-0.49067723,0.491878963
lB6NsVOc,-0.258156823,-0.099852534,-0.114162772,-0.706688943,0.52419363
lEcdVyKk,-0.292881351,-0.100935947,-0.147282289,-0.294142744,0.765644891
lH4TasGl,0.195235404,0.036672933,0.244873714,-0.969797483,0.399290584
lO9aggHW,-0.18255371,-0.064944348,-0.07702022,-0.012112987,0.127683492
lW3m9Vzu,-0.257451052,-0.074200434,-0.188317105,-0.463634152,0.328829936
lYLseGDP,-0.119291622,-0.075624497,-0.129440821,-0.381314202,0.014336575
lcOnCdZi,-0.144287535,-0.053796274,0.005873531,-0.912078378,0.489821169
le9YGwON,-0.043694151,-0.00687559,-0.003339523,-0.312570175,-0.08247431
llMvu3TX,0.851261878,0.175622605,0.640771484,-1.752178267,-0.113965099
lnHh2jFO,0.211464515,0.036120429,0.266219895,-0.906057738,0.510190962
m07CVXd4,-0.289912883,-0.10126758,-0.113075391,-0.615617226,0.73556514
m1lPk91z,-0.25975753,-0.091253656,-0.115773531,-0.417275232,0.626439233
m9IQdmwa,-0.296770936,-0.107862507,-0.151781895,-0.522630394,0.707119478
mG9BRy5x,-0.22745473,-0.077736496,-0.10074292,-0.206124112,0.089837
mVHXnama,-0.231294604,-0.086249334,-0.120956455,-0.403946049,-0.280094693
mXyrR6nU,-0.266124745,-0.098612721,-0.133867649,-0.577442144,0.20901179
mbzNdxNc,-0.19537666,-0.051574167,-0.160215644,0.731796746,0.154994619
mntH7g3L,0.133673006,0.015625274,0.177855608,-1.023752911,1.093237767
msRTXP3H,-0.234001822,-0.080986477,-0.114547861,-0.224737991,0.344169248
mxBjvIPR,-0.327786352,-0.112029284,-0.184627199,-0.345921812,0.353864465
n8Opmfbz,0.363423921,0.058052496,0.289587738,-0.274818969,-0.09822917
nOkgU29Q,-0.191477166,-0.061381708,-0.111484834,0.545238209,-0.282136538
nhttf7VM,-0.069686095,-0.022681776,0.025313323,-0.045357047,0.111580901
njLbXYa3,-0.272766006,-0.095883437,-0.170848268,-0.336170999,-0.537392272
nwkIpzmh,0.143591087,0.005756846,0.144288251,-0.572427428,-0.32224932
nzB1R9Zg,0.265268013,0.008027623,0.324750536,1.076304294,0.17649994
o1rZRI84,-0.325908363,-0.107172667,-0.202123048,-0.238811493,-0.023576556
o7q5Mbty,0.206149647,0.054491899,0.091057348,-1.07693151,0.288967059
oCBvysqB,-0.257662466,-0.089757062,-0.135128728,-0.516640505,-0.359081935
oDmycTPH,-0.271494083,-0.101527414,-0.128584657,-0.67793554,0.397679217
oFAXZvQv,-0.235289479,-0.083083658,-0.113542087,-0.263318949,-0.017206024
oHE3M1zX,-0.143082153,-0.039810831,-0.094368037,1.090633608,0.055222231
oMhVmSpV,-0.280826182,-0.096571883,-0.1485296,-0.395117964,-0.084228584
oNsDqVbi,0.362114305,0.082896594,0.327028239,-0.644481492,0.098885327
oYAJqQk8,-0.28132176,-0.106308413,-0.128079663,-0.9187969,-0.03025345
ob5Kb6dW,-0.304538676,-0.104783187,-0.152655791,-0.313447284,0.8224485
obnzqs79,-0.24611204,-0.088117643,-0.118265466,-0.380801205,-0.067962721
oncLcgRP,-0.279490505,-0.107767074,-0.218625863,-0.234155998,0.115036496
ooWVYaAe,-0.182104739,-0.063347881,-0.145699504,0.5758298,-0.582518475
osdyOUnV,-0.213835577,-0.068386157,-0.126475443,0.64240959,0.065270744
p7H9CzCv,-0.19455912,-0.062292411,-0.110480701,0.506013167,-0.222346132
p7U9hVhY,-0.275213023,-0.096283827,-0.140805182,-0.235475075,0.60476477
pE6Cf1RV,-0.257215909,-0.08388139,-0.097356546,-0.242367239,0.809714181
pI7qzotI,-0.163494819,-0.057633202,-0.067915672,0.139861074,-0.089999662
pJrIA4sk,-0.290392255,-0.107250647,-0.157527284,-0.626074723,0.061943787
pXne2CLZ,-0.019072551,-0.020178922,-0.052605669,1.118995372,-0.664148732
pZMcDIOS,-0.310507874,-0.110849799,-0.161583802,-0.499375771,0.695159262
pavfp3cc,-0.124889612,-0.054717559,-0.029791637,-0.521652714,-0.269992814
pbQdC5L3,-0.229486181,-0.081027815,-0.106060585,-0.229816369,0.127620266
pgj7aAFP,-0.225937068,-0.088268467,-0.129757401,-1.045943752,0.916384365
pxg8G3ed,-0.146567291,-0.049506266,-0.104105054,0.485702633,1.393963817
q36Npk6l,-0.26442084,-0.098940959,-0.12680676,-0.646669095,0.299119864
q4aDOVvq,0.070232173,-0.011578144,0.080972673,0.091524576,-0.508831428
qGmfR9CN,-0.17191335,-0.051737724,-0.104117512,1.029109989,-0.267739796
qJ51ODpA,-0.242352265,-0.078932146,-0.203198524,1.047525481,0.228577643
qQX3cs3I,-0.102508944,-0.035402185,0.025053953,-0.548789782,0.052547261
qXeIxPb8,-0.299367343,-0.101425189,-0.137633635,-0.319372067,0.827249471
qYQ4MShM,0.033390503,0.005179411,0.049794063,0.430152752,-0.69338595
qa0etnhK,0.073956292,0.023115454,0.093124723,0.856086556,-0.670897132
qbL4sboq,-0.237219897,-0.068058061,-0.100813515,-0.185546037,0.037757487
qbYrsWHq,0.227845301,0.027815836,0.209285248,-0.183609888,0.203795705
r1zmcUqQ,0.06428573,-0.016225494,0.118798264,-0.675349306,-0.50379687
r54iHeQC,-0.288235302,-0.10314318,-0.1388686,-0.421455559,0.794833542
r6xrAnQV,0.625023498,0.115619883,0.440569104,-0.298215945,0.364529575
r9HxnQDg,-0.201946669,-0.075075247,-0.080037402,-0.318143624,0.63083304
rG8Puuf9,0.581524892,0.125713715,0.316363991,2.03271549,-0.85317148
rGuiefuR,-0.235546008,-0.062678523,-0.19222705,1.681147097,-0.71559305
rJ19OhGP,-0.295993188,-0.102836585,-0.144256116,-0.355471037,0.786486579
rOCYepHd,0.122889292,0.002889258,0.159477572,-0.650822356,-0.435389023
rQJaOPFI,-0.192958252,-0.070618896,-0.080371586,-0.24011409,0.073583974
rQhZtZeh,-0.229288413,-0.084486954,-0.065579753,-0.497527505,1.007052627
rapmok0w,-0.23587874,-0.080743734,-0.161203176,0.488262369,-0.030362852
rgzfnPVu,-0.187601795,-0.070633406,-0.056469722,-0.75817082,0.015462677
ri4qhb1S,-0.240202539,-0.091164157,-0.126546548,-0.686513877,-0.20443978
rqpFYzff,-0.245186253,-0.084747805,-0.112217532,-0.360843449,0.121954652
rrs22coX,-0.254934412,-0.092480093,-0.109683218,-0.39155167,0.665023574
sEeUCQLc,-0.295558054,-0.100284738,-0.150723469,-0.255100265,0.721957849
sHScwqQl,-0.279691612,-0.09968166,-0.116148902,-0.475427395,1.023148705
sNC7DiAt,-0.261101094,-0.089080971,-0.126413377,-0.255411538,0.343982921
sNK2TSs3,-0.262636625,-0.094152585,-0.109625357,-0.391830388,0.733819111
sO7Su6uw,-0.257764965,-0.08619573,-0.165062372,0.322196872,0.073104419
sOWZx89o,-0.322032582,-0.106540726,-0.16616601,-0.209023805,0.955068941
sPbRcPjC,0.173392958,0.04901807,0.105116363,-0.078978818,-0.186908551
scVUfTKI,-0.088904757,-0.037337046,-0.032128479,0.727330978,-0.051351885
seRaGeVv,-0.234292308,-0.08200384,-0.107895356,-0.38911976,0.100778351
sgtwiYWi,-0.261813801,-0.095947699,-0.303826329,-0.262025029,0.217870753
sjmLHcT6,-0.238489613,-0.085437622,-0.112616861,-0.309945901,0.126659322
skZUZZGS,-0.221049987,-0.075955113,-0.097559901,-0.169739542,0.142258803
suAmzADX,0.286355597,0.078052736,0.106287161,0.627359718,-0.320774662
t4GWLqlO,0.355756272,0.016133734,0.242563172,-0.545019796,0.272315894
t7gy6Jyy,-0.108509367,-0.070596891,0.000966771,-1.302407351,-0.004930467
tBadzH60,0.860099559,0.189845459,0.619916525,-0.278439593,-0.562972626
tXUWm0hp,-0.061985284,-0.035467647,-0.139336865,0.639530926,-0.216088662
te6UPPxf,-0.248700469,-0.08364202,-0.134598602,-0.178757462,-0.297081064
ti2lamkL,0.285346356,0.045216713,0.238497277,-0.228892229,-0.743899321
tr0lpwuU,0.428450207,0.098655154,0.19108688,1.512230751,-0.173216226
ttdB5C73,-0.210154588,-0.080707592,-0.085548272,-0.641579804,-0.028853963
twS8YZu9,-0.218937449,-0.099585762,-0.118866362,-1.375213475,0.474460666
tx68W34H,-0.160409502,-0.034286645,-0.18069883,2.498269683,-0.590749279
tyQSX4mY,-0.160958965,-0.076635419,-0.036626598,-1.108488988,-0.212505545
tylKCRc0,-0.296623706,-0.105598221,-0.157804429,-0.420362196,0.634488254
u1544WUo,-0.2490868,-0.102536372,-0.167814754,-0.407960068,-0.302710029
uAw9an0d,0.268711071,0.051366016,0.150182238,-0.266916024,-0.35197634
uLZAEXMG,1.300211252,0.281527556,0.823880157,-0.172531169,-0.357190405
uMwe1s7I,-0.044700909,-0.021006448,-0.059854055,1.004733305,-0.865588984
ufhGeV3q,-0.249143681,-0.087726,-0.119758837,-0.360241704,0.139609955
uhAeGBHo,-0.203055357,-0.065159059,-0.124244237,0.537391614,-0.274719199
ujHNlqpw,0.903968833,0.216814456,0.596818328,0.789851421,-0.970733244
ulV6kuhB,-0.282072893,-0.097803587,-0.120592583,-0.389450732,0.627792254
uohEnNEK,-0.194726506,-0.06978747,-0.163494132,0.632314503,-0.430826326
v1lhA8I4,-0.269743555,-0.099286916,-0.119850833,-0.531350718,0.711252342
v3JzigLI,-0.255467523,-0.088803916,-0.11848298,-0.337744222,0.02333498
v5IwjyIg,-0.224438715,-0.080393952,-0.177954058,-0.611298176,-0.533732059
v6lp5TK1,-0.261343668,-0.095971693,-0.1083879,-0.634197387,0.758014841
v8vOaaWq,-0.280927249,-0.090530815,-0.212698823,0.720663997,0.742226402
vAYKtoil,-0.022654399,0.005427343,-0.044247123,-1.240615936,0.002980985
vGTNQa6G,1.477127274,0.327654823,0.901393472,1.321223657,-0.016733894
vQzNxHoL,-0.253754829,-0.089564883,-0.138478266,-0.496832491,-0.501071357
vfZGBUJm,-0.220281171,-0.074894634,-0.115363743,0.022090889,-0.270079006
vlooVUoT,-0.180611777,-0.056428982,-0.091848162,0.505994001,-0.133288536
vrACvd4O,-0.221125729,-0.072247489,-0.142402909,0.307386187,-0.918218316
w8hdjLwb,-0.257144606,-0.099624607,-0.078587159,-0.756449861,0.688736501
wAntv4gH,0.02582119,-0.015095455,0.141585781,-0.364651616,0.739523687
wIUL09q0,-0.264841454,-0.095549474,-0.131670176,-0.498970666,-0.020441704
wOzx7Fgz,-0.281981222,-0.093806081,-0.156129954,0.023596213,-0.235161434
wPhjhCJQ,-0.299276352,-0.10458378,-0.148682127,-0.362328242,0.806771663
wQSWWmYB,-0.258904941,-0.098694167,-0.119895637,-0.802366456,0.056527073
wdIMrXwy,0.778409887,0.16372823,0.590749324,-1.209671772,-0.248645353
wiL9npQc,-0.301407932,-0.105047202,-0.146839571,-0.430639067,0.819052608
wnU95Cxn,0.901062829,0.173748884,0.634496838,-1.397738308,-0.821323904
wpJbbjJs,0.017232099,-8.35E-05,0.088944871,-0.087781573,0.00840584
wsOWTAbI,0.771584502,0.195153139,0.452049816,2.770208032,-0.849310496
wtdBcU3U,-0.25574568,-0.09108843,-0.125717846,-0.499463226,-0.175904697
wuKXVxOc,-0.283135011,-0.095701115,-0.167343415,-0.048932064,0.569521533
wyzadAt8,-0.281376393,-0.102283685,-0.131498271,-0.612668303,0.847431015
wzaKzYwi,-0.225052434,-0.089076598,-0.079355049,-0.752478001,0.342202205
x6GCk4EV,-0.281819024,-0.100299123,-0.121648203,-0.463566867,0.713768745
x6lUi3vf,0.207281207,0.045994369,0.109621364,1.165597451,-1.037047855
x8mwDHv9,-0.273194671,-0.096531253,-0.143572294,-0.23596037,0.385247075
xIYm6puH,0.585378133,0.144469814,0.340881209,-0.111640821,-0.300099522
xO6UdpsK,0.316566033,0.063423579,0.248539428,-0.811568174,-0.229574541
xQ2bkOvj,-0.148683737,-0.053631735,-0.135080178,0.551994058,-0.61749554
xeXyDCEQ,1.147005901,0.250825719,0.647208573,2.393411232,-0.684238694
xrggHziO,-0.158930743,-0.063538252,-0.03485601,-0.367897172,-0.144831834
y1WMCmqQ,-0.302389043,-0.119239875,-0.193464835,-0.542804844,-0.179231307
yDngezhM,-0.242064586,-0.090942541,-0.119370868,-0.623514573,-0.212863414
yLiFjMD0,-0.223677345,-0.072504469,-0.08765445,-0.472039631,0.452355059
ySwEBO7w,-0.227765211,-0.075943455,-0.118310598,0.017337057,-0.277618483
ydC9UsSm,-0.229651911,-0.079237913,-0.228927092,1.043303962,1.031890106
ydEG4VBd,-0.263431569,-0.102171318,-0.175448719,-0.30590621,-0.166005769
yf76yWXc,-0.037414943,-0.022134253,0.056271403,-0.558206946,0.179136403
yg70e63n,-0.089915674,-0.008264598,-0.079769094,0.045883843,-0.222346589
ywxtlSKv,-0.244943704,-0.072951046,-0.171047986,-0.718059984,-0.26348814
yzKPQPOR,-0.114530586,-0.038247008,-0.093345197,0.6033154,-0.925402543
z5cnOnZ1,-0.258652137,-0.093653575,-0.17113838,-0.365039635,-0.625207471
zFLkOE0e,-0.119185298,-0.045529984,-0.032140402,-0.029650052,-0.237111526
zGi72mxL,0.050842406,0.024375343,-0.027271115,-0.251228368,-0.444129933
zN925UV3,-0.173216214,-0.055590898,-0.088123942,0.457915772,-0.384483351
zTy2ih7e,-0.267002598,-0.095194773,-0.138574242,-0.330133831,0.318874214
zVFzAutw,-0.197571453,-0.067272894,-0.081652903,-0.717157561,0.513644074
zYxNAkht,-0.266328576,-0.095682312,-0.128600448,-0.438768792,0.251083586
zaWDBai3,-0.262628665,-0.071973535,-0.161120069,0.700962393,1.564757683
zg3u0Zsx,-0.153375245,-0.036573979,-0.076735102,0.474222774,-0.005668979
zlwLfdsS,0.157935804,0.031503952,0.038725091,2.027008252,-0.301841673
zmbKzVfl,-0.254370843,-0.08473992,-0.158454557,0.345268148,0.267761117
